{
  "n_pairs": 10640,
  "content_lpips_mean": 0.5128550028218363,
  "style_lpips_mean": 0.750799328122372,
  "content_vgg_mean": 6.489113198702497,
  "style_vgg_mean": 9.295021360574808,
  "clip_content_mean": 0.7078830410887424,
  "clip_style_mean": 0.5801624870137837,
  "clip_text_mean": 0.25786036077074537
}