{
  "n_pairs": 10640,
  "content_lpips_mean": 0.37876797486796865,
  "style_lpips_mean": 0.7447127397571291,
  "content_vgg_mean": 5.037535350814574,
  "style_vgg_mean": 9.123264921417363,
  "clip_content_mean": 0.8293402500786727,
  "clip_style_mean": 0.5367733232256837,
  "clip_text_mean": 0.2670003782733715
}