epoch,loss_total,loss_style_swd,loss_content_ssm,learning_rate,epoch_time
1,0.377384,0.007332,0.304062,5.00e-04,0.00
2,0.336119,0.005352,0.282596,5.00e-04,0.00
3,0.331780,0.005358,0.278196,5.00e-04,0.00
4,0.343427,0.005921,0.284216,5.00e-04,0.00
5,0.318799,0.004722,0.271576,5.00e-04,0.00
6,0.313895,0.004572,0.268179,5.00e-04,0.00
7,0.295728,0.003791,0.257820,4.99e-04,0.00
