{
  "n_pairs": 10640,
  "content_lpips_mean": 0.46692139589248743,
  "style_lpips_mean": 0.7444859036041381,
  "content_vgg_mean": 5.917175547907451,
  "style_vgg_mean": 9.628053803545864,
  "clip_content_mean": 0.7528886962093805,
  "clip_style_mean": 0.5693873000240192,
  "clip_text_mean": 0.24156113949121166
}