epoch,loss_total,loss_style_swd,loss_style_swd_weighted,loss_mse,loss_mse_weighted,loss_layout,loss_mse_raw,learning_rate,epoch_time
101,3.305498,3.894022,1.595050,1.244528,1.244528,0.145822,0.536883,1.89e-04,0.00
102,3.379837,3.902406,1.093253,1.789871,1.789871,0.142285,0.506561,1.89e-04,0.00
103,3.467698,3.903173,1.083462,1.882465,1.882465,0.142460,0.501652,1.88e-04,0.00
