epoch,loss_total,loss_style_swd,loss_style_swd_weighted,loss_mse,loss_mse_weighted,loss_layout,loss_mse_raw,learning_rate,epoch_time
111,3.824654,3.891256,2.244413,1.222413,1.222413,0.034930,0.526030,1.86e-04,0.00
112,3.699799,3.901076,1.536692,1.771328,1.771328,0.034517,0.497516,1.86e-04,0.00
113,3.777215,3.901917,1.523232,1.856264,1.856264,0.034352,0.488198,1.86e-04,0.00
