epoch,loss_total,loss_style_swd,loss_style_swd_weighted,loss_mse,loss_mse_weighted,loss_layout,loss_mse_raw,learning_rate,epoch_time
101,6.135261,8.488213,3.928777,1.818934,1.818934,0.036140,0.513337,1.89e-04,0.00
102,4.543692,8.498294,2.265945,1.885602,1.885602,0.035746,0.503712,1.89e-04,0.00
103,4.520856,8.498100,2.242885,1.884784,1.884784,0.035362,0.499842,1.88e-04,0.00
104,4.555606,8.498166,2.272603,1.888076,1.888076,0.035309,0.495284,1.88e-04,0.00
105,4.588535,8.499051,2.304864,1.886072,1.886072,0.035459,0.488546,1.88e-04,0.00
106,4.617981,8.498368,2.338475,1.881285,1.881285,0.034319,0.483222,1.88e-04,0.00
107,4.655327,8.497927,2.372956,1.884422,1.884422,0.034408,0.484092,1.87e-04,0.00
