{
  "n_pairs": 10640,
  "content_lpips_mean": 0.5668438576189871,
  "style_lpips_mean": 0.7674385763536719,
  "content_vgg_mean": 6.86145526824477,
  "style_vgg_mean": 9.897703859994285,
  "clip_content_mean": 0.7005343716955723,
  "clip_style_mean": 0.5748708333287921,
  "clip_text_mean": 0.25512261576390355
}