{
  "n_pairs": 10640,
  "content_lpips_mean": 0.5005525467931328,
  "style_lpips_mean": 0.7555165734842307,
  "content_vgg_mean": 6.340919926140765,
  "style_vgg_mean": 9.572903779815686,
  "clip_content_mean": 0.7125789633146802,
  "clip_style_mean": 0.5758613154516184,
  "clip_text_mean": 0.25621361574368146
}