epoch,loss_total,loss_style_swd,loss_content_ssm,learning_rate,epoch_time
12,0.203423,0.003143,0.200280,9.65e-05,0.00
13,0.201680,0.003228,0.198451,9.59e-05,0.00
14,0.203495,0.003450,0.200046,9.53e-05,0.00
