epoch,loss_total,loss_style_swd,loss_content_ssm,learning_rate,epoch_time
1,0.280211,0.009970,0.270241,1.00e-04,0.00
2,0.244787,0.007327,0.237461,9.99e-05,0.00
3,0.231306,0.006681,0.224626,9.98e-05,0.00
4,0.223025,0.006080,0.216945,9.96e-05,0.00
